category,grade,min,mid,max
Customer Support,3,25700,29500,33400
Customer Support,4,29800,34300,38700
Customer Support,5,34500,39700,44900
Customer Support,6,38300,46000,53600
Manufacturing,4,30400,35000,39500
Manufacturing,5,35600,40900,46300
Manufacturing,6,39700,47600,55600
Manufacturing,7,46200,55400,64700
Manufacturing,8,53700,64400,75200
Operations,5,33700,38800,43800
Operations,6,37000,44400,51800
Operations,7,42300,50800,59200
Operations,8,48400,58100,67800
Operations,9,55300,66400,77400
Operations,10,60700,75900,91100
Marketing,6,39400,47300,55200
Marketing,7,45400,54500,63600
Marketing,8,52300,62700,73200
Marketing,9,60000,72000,84000
Marketing,10,66200,82700,99300
Engineering,7,41600,49900,58200
Engineering,8,47700,57200,66800
Engineering,9,54500,65400,76300
Engineering,10,59800,74800,89700
Engineering,11,68400,85500,102600
Engineering,12,75200,97700,120300
Sales,8,53100,63700,74300
Sales,9,61100,73300,85500
Sales,10,67400,84300,101100
Sales,11,77500,96900,116300
Sales,12,85600,111300,137000
Legal,9,53300,63900,74600
Legal,10,59400,74200,89100
Legal,11,68900,86100,103400
Legal,12,76700,99700,122700
