id,category,gender,grade,rating,hire_date,last_change_date,base_salary,bonus_pct,fte
E01,Customer Support,F,3,3,2022-09-01,2025-04-01,19800,5,0.8
E02,Customer Support,M,3,3,2023-03-01,2025-04-01,20800,5,1
E03,Customer Support,F,3,3,2026-10-15,2026-10-15,17400,5,1
E04,Customer Support,M,5,4,2020-10-01,2025-04-01,28700,8,1
E05,Customer Support,F,5,5,2019-09-01,2025-04-01,26200,8,1
E06,Customer Support,M,5,2,2024-09-01,2026-10-01,27500,8,1
E07,Engineering,F,7,4,2023-09-01,2025-04-01,32500,10,1
E08,Engineering,M,7,3,2024-03-01,2025-04-01,34400,10,1
E09,Engineering,M,7,1,2021-09-01,2025-04-01,36400,10,1
E10,Engineering,F,9,5,2018-09-01,2025-04-01,43200,15,1
E11,Engineering,M,9,3,2020-03-01,2025-04-01,45800,15,1
E12,Engineering,M,9,4,2017-09-01,2025-04-01,55200,15,1
